# time stamp,yA,yB,yC,yD,yE,defect1,defect2,defect3,defect4,defect5,defect6,defect7,defect8,defect9,defect10
0.000000,0.244265,178.333198,1.792387,151.635254,29.926804,0.000000,0.000000,0.000000,0.000000,0.000000,0.000000,0.000000,0.000000,0.000000,0.000000
0.200401,8.841095,177.664343,64.424956,142.556229,23.028887,0.000000,0.000000,0.000000,0.000000,0.000000,0.000000,0.000000,0.000000,0.000000,0.000000
0.400802,0.245616,171.751407,81.584682,148.022115,23.371517,0.000000,0.000000,0.000000,0.000000,0.000000,0.000000,0.000000,0.000000,0.000000,0.000000
0.601202,7.014791,172.754133,103.133477,140.304035,29.113624,0.000000,0.000000,0.000000,0.000000,0.000000,0.000000,0.000000,0.000000,0.000000,0.000000
0.801603,7.314482,174.992692,114.294064,144.155982,26.321281,0.000000,0.000000,0.000000,0.000000,0.000000,0.000000,0.000000,0.000000,0.000000,0.000000
1.002004,7.311571,175.662244,121.756173,144.436703,22.288678,0.000000,0.000000,0.000000,0.000000,0.000000,0.000000,0.000000,0.000000,0.000000,0.000000
1.202405,6.850686,173.072648,136.647845,141.024821,28.092466,0.000000,0.000000,0.000000,0.000000,0.000000,0.000000,0.000000,0.000000,0.000000,0.000000
1.402806,8.213212,175.031618,138.460638,132.538638,24.322870,0.000000,0.000000,0.000000,0.000000,0.000000,0.000000,0.000000,0.000000,0.000000,0.000000
1.603206,0.155440,179.694688,148.156659,134.187623,24.783633,0.000000,0.000000,0.000000,0.000000,0.000000,0.000000,0.000000,0.000000,0.000000,0.000000
1.803607,1.372771,180.121706,146.644472,138.780941,24.580224,0.000000,0.000000,0.000000,0.000000,0.000000,0.000000,0.000000,0.000000,0.000000,0.000000
2.004008,3.025466,183.790988,155.460645,129.810926,23.509501,0.000000,0.000000,0.000000,0.000000,0.000000,0.000000,0.000000,0.000000,0.000000,0.000000
2.204409,0.081037,184.103087,163.412225,132.714756,25.936117,0.000000,0.000000,0.000000,0.000000,0.000000,0.000000,0.000000,0.000000,0.000000,0.000000
2.404810,9.383124,180.726461,168.179713,130.430287,28.604993,0.000000,0.000000,0.000000,0.000000,0.000000,0.000000,0.000000,0.000000,0.000000,0.000000
2.605210,0.428466,182.065337,169.864023,133.332844,28.051711,0.000000,0.000000,0.000000,0.000000,0.000000,0.000000,0.000000,0.000000,0.000000,0.000000
2.805611,1.311660,178.561372,172.247797,127.603587,29.263941,0.000000,0.000000,0.000000,0.000000,0.000000,0.000000,0.000000,0.000000,0.000000,0.000000
3.006012,8.013350,178.369546,176.044568,131.983038,23.687053,0.000000,0.000000,0.000000,0.000000,0.000000,0.000000,0.000000,0.000000,0.000000,0.000000
3.206413,1.154208,180.703169,175.459438,123.393849,26.148142,0.000000,0.000000,0.000000,0.000000,0.000000,0.000000,0.000000,0.000000,0.000000,0.000000
3.406814,9.632899,182.352975,180.521623,124.168915,29.203518,0.000000,0.000000,0.000000,0.000000,0.000000,0.000000,0.000000,0.000000,0.000000,0.000000
3.607214,9.676058,176.640328,180.739414,128.682741,27.909017,0.000000,0.000000,0.000000,0.000000,0.000000,0.000000,0.000000,0.000000,0.000000,0.000000
3.807615,7.137549,184.308177,186.465335,120.068662,21.653092,0.000000,0.000000,0.000000,0.000000,0.000000,0.000000,0.000000,0.000000,0.000000,0.000000
4.008016,9.432224,178.713481,189.494742,121.827543,23.049978,0.000000,0.000000,0.000000,0.000000,0.000000,0.000000,0.000000,0.000000,0.000000,0.000000
4.208417,5.780562,183.356587,194.999549,119.107816,20.051801,0.000000,0.000000,0.000000,0.000000,0.000000,0.000000,0.000000,0.000000,0.000000,0.000000
4.408818,2.458714,187.534460,195.696699,115.992379,21.411566,0.000000,0.000000,0.000000,0.000000,0.000000,0.000000,0.000000,0.000000,0.000000,0.000000
4.609218,7.511734,185.290605,198.111738,115.735142,26.877039,0.000000,0.000000,0.000000,0.000000,0.000000,0.000000,0.000000,0.000000,0.000000,0.000000
4.809619,1.389710,182.010407,195.518887,118.544665,24.251376,0.000000,0.000000,0.000000,0.000000,0.000000,0.000000,0.000000,0.000000,0.000000,0.000000
5.010020,8.662473,180.319927,196.055282,115.212796,20.276719,0.000000,0.000000,0.000000,0.000000,0.000000,0.000000,0.000000,0.000000,0.000000,0.000000
5.210421,2.720065,183.518305,195.477025,118.428438,22.974537,0.000000,0.000000,0.000000,0.000000,0.000000,0.000000,0.000000,0.000000,0.000000,0.000000
5.410822,9.231355,180.992877,205.568853,119.672054,26.552072,0.000000,0.000000,0.000000,0.000000,0.000000,0.000000,0.000000,0.000000,0.000000,0.000000
5.611222,3.976575,184.070868,207.609986,111.913289,26.948598,0.000000,0.000000,0.000000,0.000000,0.000000,0.000000,0.000000,0.000000,0.000000,0.000000
5.811623,4.280522,184.500398,202.400494,115.687641,26.891759,0.000000,0.000000,0.000000,0.000000,0.000000,0.000000,0.000000,0.000000,0.000000,0.000000
6.012024,1.629250,188.163825,208.585989,116.659384,21.765240,0.000000,0.000000,0.000000,0.000000,0.000000,0.000000,0.000000,0.000000,0.000000,0.000000
6.212425,3.563448,187.358212,203.348935,117.066144,21.097930,0.000000,0.000000,0.000000,0.000000,0.000000,0.000000,0.000000,0.000000,0.000000,0.000000
6.412826,3.294392,179.863998,209.275822,111.354060,26.050291,0.000000,0.000000,0.000000,0.000000,0.000000,0.000000,0.000000,0.000000,0.000000,0.000000
6.613226,0.791705,186.741356,210.612704,113.486209,28.474248,0.000000,0.000000,0.000000,0.000000,0.000000,0.000000,0.000000,0.000000,0.000000,0.000000
6.813627,2.045842,187.581872,209.486462,107.778736,29.406129,0.000000,0.000000,0.000000,0.000000,0.000000,0.000000,0.000000,0.000000,0.000000,0.000000
7.014028,10.030030,180.078090,211.987272,114.315122,25.190227,0.000000,0.000000,0.000000,0.000000,0.000000,0.000000,0.000000,0.000000,0.000000,0.000000
7.214429,7.904577,182.013460,213.553231,108.925330,21.104662,0.000000,0.000000,0.000000,0.000000,0.000000,0.000000,0.000000,0.000000,0.000000,0.000000
7.414830,0.286427,182.236786,214.260819,109.901530,29.157460,0.000000,0.000000,0.000000,0.000000,0.000000,0.000000,0.000000,0.000000,0.000000,0.000000
7.615230,4.083957,185.759809,217.077087,109.190471,28.322952,0.000000,0.000000,0.000000,0.000000,0.000000,0.000000,0.000000,0.000000,0.000000,0.000000
7.815631,5.931135,186.560409,220.439080,109.810756,21.408138,0.000000,0.000000,0.000000,0.000000,0.000000,0.000000,0.000000,0.000000,0.000000,0.000000
8.016032,8.364685,181.286538,221.566116,109.589447,27.761654,0.000000,0.000000,0.000000,0.000000,0.000000,0.000000,0.000000,0.000000,0.000000,0.000000
8.216433,1.234618,189.631125,221.735030,109.805979,26.182075,0.000000,0.000000,0.000000,0.000000,0.000000,0.000000,0.000000,0.000000,0.000000,0.000000
8.416834,3.604603,180.562896,221.739160,104.520365,27.917004,0.000000,0.000000,0.000000,0.000000,0.000000,0.000000,0.000000,0.000000,0.000000,0.000000
8.617234,9.220912,181.587592,218.315144,105.614429,22.861179,0.000000,0.000000,0.000000,0.000000,0.000000,0.000000,0.000000,0.000000,0.000000,0.000000
8.817635,10.760343,181.666432,219.986220,102.918501,24.868593,0.000000,0.000000,0.000000,0.000000,0.000000,0.000000,0.000000,0.000000,0.000000,0.000000
9.018036,2.375683,186.704098,220.641901,99.302658,25.639790,0.000000,0.000000,0.000000,0.000000,0.000000,0.000000,0.000000,0.000000,0.000000,0.000000
9.218437,3.490545,183.315537,228.077094,101.019156,25.874646,0.000000,0.000000,0.000000,0.000000,0.000000,0.000000,0.000000,0.000000,0.000000,0.000000
9.418838,1.920884,189.489567,228.213244,101.807863,27.206187,0.000000,0.000000,0.000000,0.000000,0.000000,0.000000,0.000000,0.000000,0.000000,0.000000
9.619238,5.309184,186.322423,227.413694,98.075689,25.186648,0.000000,0.000000,0.000000,0.000000,0.000000,0.000000,0.000000,0.000000,0.000000,0.000000
9.819639,5.663852,182.168379,226.282261,101.624622,27.731832,0.000000,0.000000,0.000000,0.000000,0.000000,0.000000,0.000000,0.000000,0.000000,0.000000
10.020040,2.617050,180.167656,231.273235,103.192961,27.523982,0.000000,0.000000,0.000000,0.000000,0.000000,0.000000,0.000000,0.000000,0.000000,0.000000
10.220441,12.083820,184.841899,232.724904,102.779745,23.466860,0.000000,0.000000,0.000000,0.000000,0.000000,0.000000,0.000000,0.000000,0.000000,0.000000
10.420842,5.392380,187.137334,229.780357,99.040427,22.513832,0.000000,0.000000,0.000000,0.000000,0.000000,0.000000,0.000000,0.000000,0.000000,0.000000
10.621242,13.629633,184.799816,230.890842,102.799147,27.516846,0.000000,0.000000,0.000000,0.000000,0.000000,0.000000,0.000000,0.000000,0.000000,0.000000
10.821643,6.743166,179.196571,236.826292,100.534128,25.620833,0.000000,0.000000,0.000000,0.000000,0.000000,0.000000,0.000000,0.000000,0.000000,0.000000
11.022044,9.792739,182.874790,231.349980,100.667594,28.103423,0.000000,0.000000,0.000000,0.000000,0.000000,0.000000,0.000000,0.000000,0.000000,0.000000
11.222445,10.757545,180.511658,237.195988,99.798063,21.978163,0.000000,0.000000,0.000000,0.000000,0.000000,0.000000,0.000000,0.000000,0.000000,0.000000
11.422846,15.216499,182.278297,233.087927,93.212532,25.964096,0.000000,0.000000,0.000000,0.000000,0.000000,0.000000,0.000000,0.000000,0.000000,0.000000
11.623246,16.763469,182.793794,230.104128,101.689997,27.961780,0.000000,0.000000,0.000000,0.000000,0.000000,0.000000,0.000000,0.000000,0.000000,0.000000
11.823647,14.582465,183.698071,239.419649,99.424514,25.901796,0.000000,0.000000,0.000000,0.000000,0.000000,0.000000,0.000000,0.000000,0.000000,0.000000
12.024048,14.660068,186.664303,236.778043,92.518511,28.102210,0.000000,0.000000,0.000000,0.000000,0.000000,0.000000,0.000000,0.000000,0.000000,0.000000
12.224449,19.764934,181.952037,235.121712,100.270948,20.065864,0.000000,0.000000,0.000000,0.000000,0.000000,0.000000,0.000000,0.000000,0.000000,0.000000
12.424850,24.424972,186.083547,234.241048,100.177606,28.390698,0.000000,0.000000,0.000000,0.000000,0.000000,0.000000,0.000000,0.000000,0.000000,0.000000
12.625251,27.499011,185.017811,239.320022,94.728819,28.273425,0.000000,0.000000,0.000000,0.000000,0.000000,0.000000,0.000000,0.000000,0.000000,0.000000
12.825651,26.962536,178.098704,240.744603,97.492281,26.129829,0.000000,0.000000,0.000000,0.000000,0.000000,0.000000,0.000000,0.000000,0.000000,0.000000
13.026052,36.149229,182.407774,242.668101,94.877839,28.126250,0.000000,0.000000,0.000000,0.000000,0.000000,0.000000,0.000000,0.000000,0.000000,0.000000
13.226453,37.612135,176.185442,235.424062,96.277497,20.799395,0.000000,0.000000,0.000000,0.000000,0.000000,0.000000,0.000000,0.000000,0.000000,0.000000
13.426854,46.047644,181.168869,245.097121,90.938341,23.503181,0.000000,0.000000,0.000000,0.000000,0.000000,0.000000,0.000000,0.000000,0.000000,0.000000
13.627255,49.088904,176.289822,245.019877,97.876494,27.838786,0.000000,0.000000,0.000000,0.000000,0.000000,0.000000,0.000000,0.000000,0.000000,0.000000
13.827655,57.944354,175.041356,238.619564,94.431187,29.815914,0.000000,0.000000,0.000000,0.000000,0.000000,0.000000,0.000000,0.000000,0.000000,0.000000
14.028056,63.211894,183.261793,246.864833,95.330538,25.410234,0.000000,0.000000,0.000000,0.000000,0.000000,0.000000,0.000000,0.000000,0.000000,0.000000
14.228457,72.235392,174.644450,243.069452,96.358974,22.210001,0.000000,0.000000,0.000000,0.000000,0.000000,0.000000,0.000000,0.000000,0.000000,0.000000
14.428858,75.428888,173.270118,243.657618,94.564123,29.173569,0.000000,0.000000,0.000000,0.000000,0.000000,0.000000,0.000000,0.000000,0.000000,0.000000
14.629259,92.863086,176.535104,241.399962,93.511304,24.062721,0.000000,0.000000,0.000000,0.000000,0.000000,0.000000,0.000000,0.000000,0.000000,0.000000
14.829659,99.791750,178.324524,249.204999,90.946102,24.943462,0.000000,0.000000,0.000000,0.000000,0.000000,0.000000,0.000000,0.000000,0.000000,0.000000
15.030060,106.715646,173.120833,245.138030,88.758902,25.852275,0.000000,0.000000,0.000000,0.000000,0.000000,0.000000,0.000000,0.000000,0.000000,0.000000
15.230461,110.572467,174.291080,246.795585,89.935715,22.753526,0.000000,0.000000,0.000000,0.000000,0.000000,0.000000,0.000000,0.000000,0.000000,0.000000
15.430862,127.337224,180.257178,249.594471,94.047518,25.218816,0.000000,0.000000,0.000000,0.000000,0.000000,0.000000,0.000000,0.000000,0.000000,0.000000
15.631263,134.996269,173.199892,246.266736,89.323204,24.361478,0.000000,0.000000,0.000000,0.000000,0.000000,0.000000,0.000000,0.000000,0.000000,0.000000
15.831663,141.494519,170.751814,250.873626,84.177071,20.880030,0.000000,0.000000,0.000000,0.000000,0.000000,0.000000,0.000000,0.000000,0.000000,0.000000
16.032064,147.779718,170.938576,250.521087,84.283553,28.767371,0.000000,0.000000,0.000000,0.000000,0.000000,0.000000,0.000000,0.000000,0.000000,0.000000
16.232465,159.291183,175.792137,247.491637,83.668414,28.160305,0.000000,0.000000,0.000000,0.000000,0.000000,0.000000,0.000000,0.000000,0.000000,0.000000
16.432866,157.480199,178.235030,246.908252,89.013880,25.289122,0.000000,0.000000,0.000000,0.000000,0.000000,0.000000,0.000000,0.000000,0.000000,0.000000
16.633267,164.304420,172.343770,251.758752,84.491025,22.513147,0.000000,0.000000,0.000000,0.000000,0.000000,0.000000,0.000000,0.000000,0.000000,0.000000
16.833667,168.134711,168.864054,251.067998,86.594323,23.382743,0.000000,0.000000,0.000000,0.000000,0.000000,0.000000,0.000000,0.000000,0.000000,0.000000
17.034068,173.988771,172.517562,247.762701,89.339779,21.077201,0.000000,0.000000,0.000000,0.000000,0.000000,0.000000,0.000000,0.000000,0.000000,0.000000
17.234469,179.914480,174.333554,249.068649,90.458503,21.114712,0.000000,0.000000,0.000000,0.000000,0.000000,0.000000,0.000000,0.000000,0.000000,0.000000
17.434870,180.076975,169.608192,253.921865,83.660373,27.964616,0.000000,0.000000,0.000000,0.000000,0.000000,0.000000,0.000000,0.000000,0.000000,0.000000
17.635271,185.740176,171.970571,255.913070,88.825486,22.699970,0.000000,0.000000,0.000000,0.000000,0.000000,0.000000,0.000000,0.000000,0.000000,0.000000
17.835671,188.459325,174.545567,248.557729,88.087278,20.132339,0.000000,0.000000,0.000000,0.000000,0.000000,0.000000,0.000000,0.000000,0.000000,0.000000
18.036072,193.407961,173.090692,249.035490,89.317728,25.950513,0.000000,0.000000,0.000000,0.000000,0.000000,0.000000,0.000000,0.000000,0.000000,0.000000
18.236473,191.939738,174.819293,248.874730,83.736776,29.037743,0.000000,0.000000,0.000000,0.000000,0.000000,0.000000,0.000000,0.000000,0.000000,0.000000
18.436874,197.529217,166.770786,249.950379,80.917188,24.734643,0.000000,0.000000,0.000000,0.000000,0.000000,0.000000,0.000000,0.000000,0.000000,0.000000
18.637275,194.872277,170.316306,248.683249,87.598225,21.854738,0.000000,0.000000,0.000000,0.000000,0.000000,0.000000,0.000000,0.000000,0.000000,0.000000
18.837675,198.285938,171.258366,250.711423,79.656905,22.999751,0.000000,0.000000,0.000000,0.000000,0.000000,0.000000,0.000000,0.000000,0.000000,0.000000
19.038076,196.766336,171.864731,258.821613,79.696803,27.125154,0.000000,0.000000,0.000000,0.000000,0.000000,0.000000,0.000000,0.000000,0.000000,0.000000
19.238477,199.553193,168.982382,255.990176,81.813407,29.078090,0.000000,0.000000,0.000000,0.000000,0.000000,0.000000,0.000000,0.000000,0.000000,0.000000
19.438878,197.054744,163.408976,252.415268,80.212503,25.210556,0.000000,0.000000,0.000000,0.000000,0.000000,0.000000,0.000000,0.000000,0.000000,0.000000
19.639279,203.000501,169.260337,253.578118,78.671182,24.016179,0.000000,0.000000,0.000000,0.000000,0.000000,0.000000,0.000000,0.000000,0.000000,0.000000
19.839679,203.787295,168.136834,253.533584,86.063186,21.035017,0.000000,0.000000,0.000000,0.000000,0.000000,0.000000,0.000000,0.000000,0.000000,0.000000
20.040080,203.070324,167.550725,251.453848,81.137326,26.667437,0.000000,0.000000,0.000000,0.000000,0.000000,0.000000,0.000000,0.000000,0.000000,0.000000
20.240481,207.639988,164.586418,256.689234,78.140245,27.253798,0.000000,0.000000,0.000000,0.000000,0.000000,0.000000,0.000000,0.000000,0.000000,0.000000
20.440882,207.538904,162.095637,258.718692,86.060918,26.704092,0.000000,0.000000,0.000000,0.000000,0.000000,0.000000,0.000000,0.000000,0.000000,0.000000
20.641283,203.555683,166.588047,258.001562,78.849001,24.065374,0.000000,0.000000,0.000000,0.000000,0.000000,0.000000,0.000000,0.000000,0.000000,0.000000
20.841683,208.883671,171.151784,255.317862,85.219327,27.205521,0.000000,0.000000,0.000000,0.000000,0.000000,0.000000,0.000000,0.000000,0.000000,0.000000
21.042084,202.635778,170.280866,256.994952,77.340099,21.229144,0.000000,0.000000,0.000000,0.000000,0.000000,0.000000,0.000000,0.000000,0.000000,0.000000
21.242485,209.228516,166.596698,259.053571,82.203015,20.951518,0.000000,0.000000,0.000000,0.000000,0.000000,0.000000,0.000000,0.000000,0.000000,0.000000
21.442886,207.752715,167.633549,254.813078,76.473262,24.628061,0.000000,0.000000,0.000000,0.000000,0.000000,0.000000,0.000000,0.000000,0.000000,0.000000
21.643287,205.664606,166.151896,254.854115,78.099237,24.849891,0.000000,0.000000,0.000000,0.000000,0.000000,0.000000,0.000000,0.000000,0.000000,0.000000
21.843687,206.180658,166.196250,262.886261,76.304852,21.812208,0.000000,0.000000,0.000000,0.000000,0.000000,0.000000,0.000000,0.000000,0.000000,0.000000
22.044088,200.457180,166.903618,264.108750,84.491336,26.472166,0.000000,0.000000,0.000000,0.000000,0.000000,0.000000,0.000000,0.000000,0.000000,0.000000
22.244489,203.731754,160.516028,261.651091,80.625554,22.832585,0.000000,0.000000,0.000000,0.000000,0.000000,0.000000,0.000000,0.000000,0.000000,0.000000
22.444890,200.192994,166.183547,258.492159,81.429679,29.100505,0.000000,0.000000,0.000000,0.000000,0.000000,0.000000,0.000000,0.000000,0.000000,0.000000
22.645291,202.250104,167.256695,258.721186,80.562790,29.323177,0.000000,0.000000,0.000000,0.000000,0.000000,0.000000,0.000000,0.000000,0.000000,0.000000
22.845691,202.934255,166.916224,258.886673,77.031221,24.090498,0.000000,0.000000,0.000000,0.000000,0.000000,0.000000,0.000000,0.000000,0.000000,0.000000
23.046092,207.501072,166.009228,265.550837,81.367847,28.736038,0.000000,0.000000,0.000000,0.000000,0.000000,0.000000,0.000000,0.000000,0.000000,0.000000
23.246493,208.029257,161.742980,264.599341,83.008949,27.303639,0.000000,0.000000,0.000000,0.000000,0.000000,0.000000,0.000000,0.000000,0.000000,0.000000
23.446894,202.233811,161.678116,258.843731,78.750609,24.564336,0.000000,0.000000,0.000000,0.000000,0.000000,0.000000,0.000000,0.000000,0.000000,0.000000
23.647295,204.885117,164.961724,263.964166,73.718731,23.375113,0.000000,0.000000,0.000000,0.000000,0.000000,0.000000,0.000000,0.000000,0.000000,0.000000
23.847695,204.269642,161.023067,267.179099,83.270880,27.917953,0.000000,0.000000,0.000000,0.000000,0.000000,0.000000,0.000000,0.000000,0.000000,0.000000
24.048096,201.287097,164.745087,263.688974,73.465673,22.303464,0.000000,0.000000,0.000000,0.000000,0.000000,0.000000,0.000000,0.000000,0.000000,0.000000
24.248497,207.369197,167.576415,263.051769,73.839036,23.544808,0.000000,0.000000,0.000000,0.000000,0.000000,0.000000,0.000000,0.000000,0.000000,0.000000
24.448898,203.937002,165.956777,265.520648,76.993637,24.165178,0.000000,0.000000,0.000000,0.000000,0.000000,0.000000,0.000000,0.000000,0.000000,0.000000
24.649299,201.752050,169.256038,265.901543,77.614338,20.909216,0.000000,0.000000,0.000000,0.000000,0.000000,0.000000,0.000000,0.000000,0.000000,0.000000
24.849699,205.255578,165.103628,263.595495,75.961000,26.683106,0.000000,0.000000,0.000000,0.000000,0.000000,0.000000,0.000000,0.000000,0.000000,0.000000
25.050100,212.198616,163.981599,259.744122,77.585033,22.315894,0.000000,0.000000,0.000000,0.000000,0.000000,0.000000,0.000000,0.000000,0.000000,0.000000
25.250501,212.616173,166.170672,260.743084,81.426406,22.606383,0.000000,0.000000,0.000000,0.000000,0.000000,0.000000,0.000000,0.000000,0.000000,0.000000
25.450902,205.003000,166.305453,267.904855,79.083873,21.907237,0.000000,0.000000,0.000000,0.000000,0.000000,0.000000,0.000000,0.000000,0.000000,0.000000
25.651303,207.469698,167.781718,264.109951,81.392329,26.854325,0.000000,0.000000,0.000000,0.000000,0.000000,0.000000,0.000000,0.000000,0.000000,0.000000
25.851703,205.643696,161.030469,262.180385,75.367631,25.711872,0.000000,0.000000,0.000000,0.000000,0.000000,0.000000,0.000000,0.000000,0.000000,0.000000
26.052104,207.779784,161.818944,266.626854,79.715678,26.572309,0.000000,0.000000,0.000000,0.000000,0.000000,0.000000,0.000000,0.000000,0.000000,0.000000
26.252505,214.582517,168.286545,262.822021,78.844809,29.184998,0.000000,0.000000,0.000000,0.000000,0.000000,0.000000,0.000000,0.000000,0.000000,0.000000
26.452906,214.567530,161.765236,265.731933,78.832823,25.266931,0.000000,0.000000,0.000000,0.000000,0.000000,0.000000,0.000000,0.000000,0.000000,0.000000
26.653307,215.281464,162.370421,268.227255,79.482046,27.631837,0.000000,0.000000,0.000000,0.000000,0.000000,0.000000,0.000000,0.000000,0.000000,0.000000
26.853707,217.951151,171.550467,270.953996,74.315887,21.708559,0.000000,0.000000,0.000000,0.000000,0.000000,0.000000,0.000000,0.000000,0.000000,0.000000
27.054108,215.084814,162.622613,262.586542,76.717748,23.384122,0.000000,0.000000,0.000000,0.000000,0.000000,0.000000,0.000000,0.000000,0.000000,0.000000
27.254509,217.429252,164.790962,262.822230,75.465144,29.956500,0.000000,0.000000,0.000000,0.000000,0.000000,0.000000,0.000000,0.000000,0.000000,0.000000
27.454910,222.563670,168.711119,265.274684,73.940980,28.153261,0.000000,0.000000,0.000000,0.000000,0.000000,0.000000,0.000000,0.000000,0.000000,0.000000
27.655311,228.220726,172.104818,266.947064,72.129317,28.762607,0.000000,0.000000,0.000000,0.000000,0.000000,0.000000,0.000000,0.000000,0.000000,0.000000
27.855711,232.183535,168.741747,263.139974,79.210636,28.198169,0.000000,0.000000,0.000000,0.000000,0.000000,0.000000,0.000000,0.000000,0.000000,0.000000
28.056112,236.700839,171.086602,271.776923,77.379473,29.906420,0.000000,0.000000,0.000000,0.000000,0.000000,0.000000,0.000000,0.000000,0.000000,0.000000
28.256513,238.316889,168.251988,272.424572,74.017509,21.713507,0.000000,0.000000,0.000000,0.000000,0.000000,0.000000,0.000000,0.000000,0.000000,0.000000
28.456914,241.274944,165.520857,263.388051,74.508092,27.148168,0.000000,0.000000,0.000000,0.000000,0.000000,0.000000,0.000000,0.000000,0.000000,0.000000
28.657315,250.818541,174.364954,267.687253,78.831845,28.481708,0.000000,0.000000,0.000000,0.000000,0.000000,0.000000,0.000000,0.000000,0.000000,0.000000
28.857715,263.076149,168.106716,270.565958,77.152324,28.253560,0.000000,0.000000,0.000000,0.000000,0.000000,0.000000,0.000000,0.000000,0.000000,0.000000
29.058116,270.627470,167.752600,271.540235,71.871564,25.971823,0.000000,0.000000,0.000000,0.000000,0.000000,0.000000,0.000000,0.000000,0.000000,0.000000
29.258517,273.332772,169.936131,266.437750,70.855019,26.588689,0.000000,0.000000,0.000000,0.000000,0.000000,0.000000,0.000000,0.000000,0.000000,0.000000
29.458918,286.214281,169.489107,273.382941,78.319128,28.750137,0.000000,0.000000,0.000000,0.000000,0.000000,0.000000,0.000000,0.000000,0.000000,0.000000
29.659319,291.338818,172.196267,268.414911,73.267066,28.988103,0.000000,0.000000,0.000000,0.000000,0.000000,0.000000,0.000000,0.000000,0.000000,0.000000
29.859719,301.196192,172.805352,270.852016,77.824683,26.768459,0.000000,0.000000,0.000000,0.000000,0.000000,0.000000,0.000000,0.000000,0.000000,0.000000
30.060120,302.947881,172.871537,267.911877,71.814537,23.669276,0.000000,0.000000,0.000000,0.000000,0.000000,0.000000,0.000000,0.000000,0.000000,0.000000
30.260521,319.789677,175.477040,265.327082,68.404006,24.729483,0.000000,0.000000,0.000000,0.000000,0.000000,0.000000,0.000000,0.000000,0.000000,0.000000
30.460922,326.308798,177.836080,273.399829,69.679880,21.874069,0.000000,0.000000,0.000000,0.000000,0.000000,0.000000,0.000000,0.000000,0.000000,0.000000
30.661323,337.829330,176.326209,272.068857,76.159818,29.153844,0.000000,0.000000,0.000000,0.000000,0.000000,0.000000,0.000000,0.000000,0.000000,0.000000
30.861723,337.374903,171.055496,266.630679,71.180720,28.104991,0.000000,0.000000,0.000000,0.000000,0.000000,0.000000,0.000000,0.000000,0.000000,0.000000
31.062124,352.617058,173.159461,273.255068,71.585630,29.376463,0.000000,0.000000,0.000000,0.000000,0.000000,0.000000,0.000000,0.000000,0.000000,0.000000
31.262525,354.410436,173.620770,273.114308,74.549156,23.122244,0.000000,0.000000,0.000000,0.000000,0.000000,0.000000,0.000000,0.000000,0.000000,0.000000
31.462926,358.512991,171.461526,267.724143,70.522262,26.424142,0.000000,0.000000,0.000000,0.000000,0.000000,0.000000,0.000000,0.000000,0.000000,0.000000
31.663327,362.560009,171.657184,267.371161,68.588370,22.478733,0.000000,0.000000,0.000000,0.000000,0.000000,0.000000,0.000000,0.000000,0.000000,0.000000
31.863727,376.414942,177.943285,268.620358,73.214735,23.254338,0.000000,0.000000,0.000000,0.000000,0.000000,0.000000,0.000000,0.000000,0.000000,0.000000
32.064128,372.948014,176.547350,272.977294,72.582460,28.821667,0.000000,0.000000,0.000000,0.000000,0.000000,0.000000,0.000000,0.000000,0.000000,0.000000
32.264529,380.348644,178.780494,273.828574,69.316891,28.832800,0.000000,0.000000,0.000000,0.000000,0.000000,0.000000,0.000000,0.000000,0.000000,0.000000
32.464930,382.090490,172.145441,266.978673,71.386783,22.335743,0.000000,0.000000,0.000000,0.000000,0.000000,0.000000,0.000000,0.000000,0.000000,0.000000
32.665331,385.293318,174.195633,275.586787,73.361533,22.115792,0.000000,0.000000,0.000000,0.000000,0.000000,0.000000,0.000000,0.000000,0.000000,0.000000
32.865731,388.170028,178.289359,273.127669,66.860950,20.639385,0.000000,0.000000,0.000000,0.000000,0.000000,0.000000,0.000000,0.000000,0.000000,0.000000
33.066132,391.717369,181.756629,273.219866,67.065240,20.827785,0.000000,0.000000,0.000000,0.000000,0.000000,0.000000,0.000000,0.000000,0.000000,0.000000
33.266533,395.842586,176.246538,275.859148,73.723048,23.015249,0.000000,0.000000,0.000000,0.000000,0.000000,0.000000,0.000000,0.000000,0.000000,0.000000
33.466934,394.142500,174.155479,276.008770,66.582443,28.046003,0.000000,0.000000,0.000000,0.000000,0.000000,0.000000,0.000000,0.000000,0.000000,0.000000
33.667335,396.789771,184.026794,271.741791,67.062679,20.621336,0.000000,0.000000,0.000000,0.000000,0.000000,0.000000,0.000000,0.000000,0.000000,0.000000
33.867735,402.210566,178.543465,268.605461,69.366512,27.134880,0.000000,0.000000,0.000000,0.000000,0.000000,0.000000,0.000000,0.000000,0.000000,0.000000
34.068136,398.360875,183.072788,273.616318,66.211051,28.955281,0.000000,0.000000,0.000000,0.000000,0.000000,0.000000,0.000000,0.000000,0.000000,0.000000
34.268537,402.093655,177.604831,275.631255,74.140738,20.234864,0.000000,0.000000,0.000000,0.000000,0.000000,0.000000,0.000000,0.000000,0.000000,0.000000
34.468938,403.106510,180.224762,277.598826,70.688371,20.654902,0.000000,0.000000,0.000000,0.000000,0.000000,0.000000,0.000000,0.000000,0.000000,0.000000
34.669339,403.347747,177.602367,274.720484,73.844409,24.985774,0.000000,0.000000,0.000000,0.000000,0.000000,0.000000,0.000000,0.000000,0.000000,0.000000
34.869739,404.508837,182.164650,271.256642,74.855322,23.764638,0.000000,0.000000,0.000000,0.000000,0.000000,0.000000,0.000000,0.000000,0.000000,0.000000
35.070140,405.021506,183.532612,275.064647,70.657458,23.082701,0.000000,0.000000,0.000000,0.000000,0.000000,0.000000,0.000000,0.000000,0.000000,0.000000
35.270541,400.802079,182.440492,276.547989,68.966487,25.356230,0.000000,0.000000,0.000000,0.000000,0.000000,0.000000,0.000000,0.000000,0.000000,0.000000
35.470942,407.638084,179.375874,278.459370,68.019692,22.837562,0.000000,0.000000,0.000000,0.000000,0.000000,0.000000,0.000000,0.000000,0.000000,0.000000
35.671343,401.849283,182.054111,275.273308,65.245117,23.882764,0.000000,0.000000,0.000000,0.000000,0.000000,0.000000,0.000000,0.000000,0.000000,0.000000
35.871743,406.014751,187.496255,269.273479,65.345720,23.521555,0.000000,0.000000,0.000000,0.000000,0.000000,0.000000,0.000000,0.000000,0.000000,0.000000
36.072144,405.033633,180.726907,270.788092,68.860956,25.438681,0.000000,0.000000,0.000000,0.000000,0.000000,0.000000,0.000000,0.000000,0.000000,0.000000
36.272545,400.422558,183.355562,275.488916,64.958143,24.281281,0.000000,0.000000,0.000000,0.000000,0.000000,0.000000,0.000000,0.000000,0.000000,0.000000
36.472946,405.147404,180.365302,276.418681,73.006083,24.634906,0.000000,0.000000,0.000000,0.000000,0.000000,0.000000,0.000000,0.000000,0.000000,0.000000
36.673347,401.643304,181.653200,271.821240,73.732028,21.331801,0.000000,0.000000,0.000000,0.000000,0.000000,0.000000,0.000000,0.000000,0.000000,0.000000
36.873747,403.486523,184.959910,269.987431,66.864684,26.104190,0.000000,0.000000,0.000000,0.000000,0.000000,0.000000,0.000000,0.000000,0.000000,0.000000
37.074148,409.488099,186.250162,275.163701,67.884447,24.319391,0.000000,0.000000,0.000000,0.000000,0.000000,0.000000,0.000000,0.000000,0.000000,0.000000
37.274549,404.562670,181.994923,271.944755,64.169499,21.560258,0.000000,0.000000,0.000000,0.000000,0.000000,0.000000,0.000000,0.000000,0.000000,0.000000
37.474950,406.418493,187.182499,278.063604,70.137552,26.297062,0.000000,0.000000,0.000000,0.000000,0.000000,0.000000,0.000000,0.000000,0.000000,0.000000
37.675351,403.903332,189.298295,279.865140,66.150148,23.511466,0.000000,0.000000,0.000000,0.000000,0.000000,0.000000,0.000000,0.000000,0.000000,0.000000
37.875752,409.095398,184.898284,271.481019,66.312099,26.962561,0.000000,0.000000,0.000000,0.000000,0.000000,0.000000,0.000000,0.000000,0.000000,0.000000
38.076152,403.239672,181.154392,273.413590,64.866728,21.087253,0.000000,0.000000,0.000000,0.000000,0.000000,0.000000,0.000000,0.000000,0.000000,0.000000
38.276553,406.066273,186.941526,279.394871,63.241716,25.224866,0.000000,0.000000,0.000000,0.000000,0.000000,0.000000,0.000000,0.000000,0.000000,0.000000
38.476954,407.000022,189.831181,272.196411,66.054927,29.274174,0.000000,0.000000,0.000000,0.000000,0.000000,0.000000,0.000000,0.000000,0.000000,0.000000
38.677355,404.665523,185.943345,277.022832,65.953225,22.570243,0.000000,0.000000,0.000000,0.000000,0.000000,0.000000,0.000000,0.000000,0.000000,0.000000
38.877756,407.744586,185.876725,277.820953,64.550807,27.913942,0.000000,0.000000,0.000000,0.000000,0.000000,0.000000,0.000000,0.000000,0.000000,0.000000
39.078156,401.830925,189.793149,271.779933,63.707193,20.685085,0.000000,0.000000,0.000000,0.000000,0.000000,0.000000,0.000000,0.000000,0.000000,0.000000
39.278557,407.381091,182.026789,276.923222,70.910732,28.922528,0.000000,0.000000,0.000000,0.000000,0.000000,0.000000,0.000000,0.000000,0.000000,0.000000
39.478958,403.752816,184.505973,272.723887,66.840119,23.300362,0.000000,0.000000,0.000000,0.000000,0.000000,0.000000,0.000000,0.000000,0.000000,0.000000
39.679359,407.672069,187.660746,278.091460,69.239171,25.570470,0.000000,0.000000,0.000000,0.000000,0.000000,0.000000,0.000000,0.000000,0.000000,0.000000
39.879760,404.077137,180.445997,276.362358,65.857788,20.905421,0.000000,0.000000,0.000000,0.000000,0.000000,0.000000,0.000000,0.000000,0.000000,0.000000
40.080160,400.037907,189.868340,278.821888,65.578916,22.101900,0.000000,0.000000,0.000000,0.000000,0.000000,0.000000,0.000000,0.000000,0.000000,0.000000
40.280561,400.508114,184.081148,279.144581,70.132510,27.981743,0.000000,0.000000,0.000000,0.000000,0.000000,0.000000,0.000000,0.000000,0.000000,0.000000
40.480962,401.116873,185.310401,277.974784,64.950178,24.065389,0.000000,0.000000,0.000000,0.000000,0.000000,0.000000,0.000000,0.000000,0.000000,0.000000
40.681363,402.659445,180.294374,275.190234,70.721083,22.245588,0.000000,0.000000,0.000000,0.000000,0.000000,0.000000,0.000000,0.000000,0.000000,0.000000
40.881764,402.408341,183.579778,278.124967,67.856933,28.742075,0.000000,0.000000,0.000000,0.000000,0.000000,0.000000,0.000000,0.000000,0.000000,0.000000
41.082164,406.637741,188.563847,278.804227,63.863756,22.114974,0.000000,0.000000,0.000000,0.000000,0.000000,0.000000,0.000000,0.000000,0.000000,0.000000
41.282565,407.991992,188.339722,278.111929,64.057529,22.188017,0.000000,0.000000,0.000000,0.000000,0.000000,0.000000,0.000000,0.000000,0.000000,0.000000
41.482966,403.527018,188.368573,274.408594,62.946679,26.899951,0.000000,0.000000,0.000000,0.000000,0.000000,0.000000,0.000000,0.000000,0.000000,0.000000
41.683367,400.421520,188.147919,278.309497,67.864044,25.824265,0.000000,0.000000,0.000000,0.000000,0.000000,0.000000,0.000000,0.000000,0.000000,0.000000
41.883768,400.748977,183.468554,279.496965,70.053113,20.303028,0.000000,0.000000,0.000000,0.000000,0.000000,0.000000,0.000000,0.000000,0.000000,0.000000
42.084168,408.638894,183.709634,272.875704,65.940155,29.459513,0.000000,0.000000,0.000000,0.000000,0.000000,0.000000,0.000000,0.000000,0.000000,0.000000
42.284569,404.577005,182.672453,276.692093,71.316588,25.792917,0.000000,0.000000,0.000000,0.000000,0.000000,0.000000,0.000000,0.000000,0.000000,0.000000
42.484970,407.885973,184.296826,281.705912,64.381456,26.689601,0.000000,0.000000,0.000000,0.000000,0.000000,0.000000,0.000000,0.000000,0.000000,0.000000
42.685371,405.588581,179.113668,277.043370,64.212239,26.058374,0.000000,0.000000,0.000000,0.000000,0.000000,0.000000,0.000000,0.000000,0.000000,0.000000
42.885772,401.913746,179.565138,278.622585,65.108512,27.019566,0.000000,0.000000,0.000000,0.000000,0.000000,0.000000,0.000000,0.000000,0.000000,0.000000
43.086172,405.875522,180.514913,275.409111,71.206132,28.704633,0.000000,0.000000,0.000000,0.000000,0.000000,0.000000,0.000000,0.000000,0.000000,0.000000
43.286573,408.957227,184.566315,281.555228,69.600412,23.461623,0.000000,0.000000,0.000000,0.000000,0.000000,0.000000,0.000000,0.000000,0.000000,0.000000
43.486974,404.471105,179.699919,281.699818,62.384819,29.191432,0.000000,0.000000,0.000000,0.000000,0.000000,0.000000,0.000000,0.000000,0.000000,0.000000
43.687375,409.033740,185.180388,275.700784,66.054289,25.180157,0.000000,0.000000,0.000000,0.000000,0.000000,0.000000,0.000000,0.000000,0.000000,0.000000
43.887776,404.460145,183.328387,277.448045,64.029420,23.944822,0.000000,0.000000,0.000000,0.000000,0.000000,0.000000,0.000000,0.000000,0.000000,0.000000
44.088176,401.740828,177.899651,276.767398,63.102693,23.226685,0.000000,0.000000,0.000000,0.000000,0.000000,0.000000,0.000000,0.000000,0.000000,0.000000
44.288577,403.486222,179.790711,276.855095,62.922446,20.295892,0.000000,0.000000,0.000000,0.000000,0.000000,0.000000,0.000000,0.000000,0.000000,0.000000
44.488978,405.454308,176.089955,273.894808,61.766224,21.686574,0.000000,0.000000,0.000000,0.000000,0.000000,0.000000,0.000000,0.000000,0.000000,0.000000
44.689379,409.004036,178.149752,278.913084,63.396124,20.443864,0.000000,0.000000,0.000000,0.000000,0.000000,0.000000,0.000000,0.000000,0.000000,0.000000
44.889780,403.507641,182.881017,274.740367,62.561916,26.420525,0.000000,0.000000,0.000000,0.000000,0.000000,0.000000,0.000000,0.000000,0.000000,0.000000
45.090180,405.497744,175.462633,280.397412,65.165912,28.747758,0.000000,0.000000,0.000000,0.000000,0.000000,0.000000,0.000000,0.000000,0.000000,0.000000
45.290581,409.660634,180.288999,275.297101,63.671113,24.298826,0.000000,0.000000,0.000000,0.000000,0.000000,0.000000,0.000000,0.000000,0.000000,0.000000
45.490982,405.711964,176.175099,278.139360,68.529046,25.957353,0.000000,0.000000,0.000000,0.000000,0.000000,0.000000,0.000000,0.000000,0.000000,0.000000
45.691383,404.666538,178.529245,280.552983,64.299203,22.228438,0.000000,0.000000,0.000000,0.000000,0.000000,0.000000,0.000000,0.000000,0.000000,0.000000
45.891784,400.095089,181.857435,275.645724,61.732828,27.798250,0.000000,0.000000,0.000000,0.000000,0.000000,0.000000,0.000000,0.000000,0.000000,0.000000
46.092184,406.108533,178.052246,283.204835,65.871643,24.889447,0.000000,0.000000,0.000000,0.000000,0.000000,0.000000,0.000000,0.000000,0.000000,0.000000
46.292585,402.779984,173.354505,274.773002,67.870954,24.582208,0.000000,0.000000,0.000000,0.000000,0.000000,0.000000,0.000000,0.000000,0.000000,0.000000
46.492986,408.707132,175.992290,278.799660,62.922363,23.461034,0.000000,0.000000,0.000000,0.000000,0.000000,0.000000,0.000000,0.000000,0.000000,0.000000
46.693387,408.740142,176.567512,283.385613,69.623773,20.959519,0.000000,0.000000,0.000000,0.000000,0.000000,0.000000,0.000000,0.000000,0.000000,0.000000
46.893788,400.763112,178.543579,283.798827,67.443940,21.149280,0.000000,0.000000,0.000000,0.000000,0.000000,0.000000,0.000000,0.000000,0.000000,0.000000
47.094188,404.133853,174.947990,277.784368,68.392280,29.161907,0.000000,0.000000,0.000000,0.000000,0.000000,0.000000,0.000000,0.000000,0.000000,0.000000
47.294589,408.407185,175.858460,282.884920,69.034736,27.706905,0.000000,0.000000,0.000000,0.000000,0.000000,0.000000,0.000000,0.000000,0.000000,0.000000
47.494990,409.388627,175.556335,275.702047,61.083822,28.961902,0.000000,0.000000,0.000000,0.000000,0.000000,0.000000,0.000000,0.000000,0.000000,0.000000
47.695391,405.407354,173.565889,278.253707,65.532681,24.788149,0.000000,0.000000,0.000000,0.000000,0.000000,0.000000,0.000000,0.000000,0.000000,0.000000
47.895792,409.664628,173.365562,279.700638,63.505090,29.106183,0.000000,0.000000,0.000000,0.000000,0.000000,0.000000,0.000000,0.000000,0.000000,0.000000
48.096192,403.876651,169.102206,279.830265,60.924947,26.790221,0.000000,0.000000,0.000000,0.000000,0.000000,0.000000,0.000000,0.000000,0.000000,0.000000
48.296593,400.958740,176.496157,279.918742,69.156156,21.842402,0.000000,0.000000,0.000000,0.000000,0.000000,0.000000,0.000000,0.000000,0.000000,0.000000
48.496994,401.696418,167.761825,280.386259,64.597136,29.836785,0.000000,0.000000,0.000000,0.000000,0.000000,0.000000,0.000000,0.000000,0.000000,0.000000
48.697395,400.183010,175.181489,285.418778,68.915569,23.594863,0.000000,0.000000,0.000000,0.000000,0.000000,0.000000,0.000000,0.000000,0.000000,0.000000
48.897796,405.194690,167.429562,283.359000,59.712338,20.181844,0.000000,0.000000,0.000000,0.000000,0.000000,0.000000,0.000000,0.000000,0.000000,0.000000
49.098196,409.538025,173.020587,278.862451,62.217849,25.740931,0.000000,0.000000,0.000000,0.000000,0.000000,0.000000,0.000000,0.000000,0.000000,0.000000
49.298597,409.701446,172.078719,277.568962,61.213339,26.446859,0.000000,0.000000,0.000000,0.000000,0.000000,0.000000,0.000000,0.000000,0.000000,0.000000
49.498998,402.579863,170.170298,284.104910,61.661677,22.120220,0.000000,0.000000,0.000000,0.000000,0.000000,0.000000,0.000000,0.000000,0.000000,0.000000
49.699399,402.064937,172.325101,277.980360,60.989071,21.332501,0.000000,0.000000,0.000000,0.000000,0.000000,0.000000,0.000000,0.000000,0.000000,0.000000
49.899800,407.475564,172.416443,284.777212,60.200048,24.209398,0.000000,0.000000,0.000000,0.000000,0.000000,0.000000,0.000000,0.000000,0.000000,0.000000
50.100200,400.362746,167.594966,277.637809,68.287963,24.860812,0.000000,0.000000,0.000000,0.000000,0.000000,0.000000,0.000000,0.000000,0.000000,0.000000
50.300601,402.521139,164.676233,279.192902,66.350012,23.449529,0.000000,0.000000,0.000000,0.000000,0.000000,0.000000,0.000000,0.000000,0.000000,0.000000
50.501002,404.213771,169.075019,275.985476,64.057833,20.304225,0.000000,0.000000,0.000000,0.000000,0.000000,0.000000,0.000000,0.000000,0.000000,0.000000
50.701403,407.011850,163.941057,284.549513,60.791142,25.262485,0.000000,0.000000,0.000000,0.000000,0.000000,0.000000,0.000000,0.000000,0.000000,0.000000
50.901804,401.851198,172.804334,285.071834,65.528068,28.962949,0.000000,0.000000,0.000000,0.000000,0.000000,0.000000,0.000000,0.000000,0.000000,0.000000
51.102204,407.239535,165.820204,280.093770,65.366201,22.825956,0.000000,0.000000,0.000000,0.000000,0.000000,0.000000,0.000000,0.000000,0.000000,0.000000
51.302605,409.334945,167.878209,284.809010,59.398527,27.626890,0.000000,0.000000,0.000000,0.000000,0.000000,0.000000,0.000000,0.000000,0.000000,0.000000
51.503006,409.667004,167.683673,277.220566,65.554540,25.248440,0.000000,0.000000,0.000000,0.000000,0.000000,0.000000,0.000000,0.000000,0.000000,0.000000
51.703407,402.551640,170.004720,277.495190,60.436776,28.232071,0.000000,0.000000,0.000000,0.000000,0.000000,0.000000,0.000000,0.000000,0.000000,0.000000
51.903808,404.104700,167.719674,283.826663,65.179348,21.582959,0.000000,0.000000,0.000000,0.000000,0.000000,0.000000,0.000000,0.000000,0.000000,0.000000
52.104208,408.232456,170.946775,283.848112,62.167614,24.991233,0.000000,0.000000,0.000000,0.000000,0.000000,0.000000,0.000000,0.000000,0.000000,0.000000
52.304609,405.560509,162.083146,282.858888,66.043896,25.129666,0.000000,0.000000,0.000000,0.000000,0.000000,0.000000,0.000000,0.000000,0.000000,0.000000
52.505010,403.304160,167.476528,278.163183,60.710958,27.933466,0.000000,0.000000,0.000000,0.000000,0.000000,0.000000,0.000000,0.000000,0.000000,0.000000
52.705411,401.070931,170.484966,286.012456,59.873003,28.111827,0.000000,0.000000,0.000000,0.000000,0.000000,0.000000,0.000000,0.000000,0.000000,0.000000
52.905812,402.767978,162.210798,277.456763,67.231588,24.359600,0.000000,0.000000,0.000000,0.000000,0.000000,0.000000,0.000000,0.000000,0.000000,0.000000
53.106212,407.668711,163.559538,283.443717,65.739223,20.086553,0.000000,0.000000,0.000000,0.000000,0.000000,0.000000,0.000000,0.000000,0.000000,0.000000
53.306613,400.146474,170.198717,286.043338,59.017501,22.533283,0.000000,0.000000,0.000000,0.000000,0.000000,0.000000,0.000000,0.000000,0.000000,0.000000
53.507014,404.643171,160.640956,276.915945,66.403442,22.436771,0.000000,0.000000,0.000000,0.000000,0.000000,0.000000,0.000000,0.000000,0.000000,0.000000
53.707415,406.114478,162.601041,286.707958,60.827591,25.591471,0.000000,0.000000,0.000000,0.000000,0.000000,0.000000,0.000000,0.000000,0.000000,0.000000
53.907816,403.721142,163.371122,285.548888,60.916857,23.523001,0.000000,0.000000,0.000000,0.000000,0.000000,0.000000,0.000000,0.000000,0.000000,0.000000
54.108216,401.252221,160.369744,284.127420,67.664303,26.507340,0.000000,0.000000,0.000000,0.000000,0.000000,0.000000,0.000000,0.000000,0.000000,0.000000
54.308617,408.418849,161.310796,283.594691,61.487289,25.178339,0.000000,0.000000,0.000000,0.000000,0.000000,0.000000,0.000000,0.000000,0.000000,0.000000
54.509018,406.058219,163.623772,284.565134,62.855989,20.077318,0.000000,0.000000,0.000000,0.000000,0.000000,0.000000,0.000000,0.000000,0.000000,0.000000
54.709419,406.900291,167.676799,286.720489,62.509047,24.481364,0.000000,0.000000,0.000000,0.000000,0.000000,0.000000,0.000000,0.000000,0.000000,0.000000
54.909820,404.295308,160.284778,280.419865,62.293822,21.111309,0.000000,0.000000,0.000000,0.000000,0.000000,0.000000,0.000000,0.000000,0.000000,0.000000
55.110220,406.104113,165.336981,282.916023,64.155719,27.354686,0.000000,0.000000,0.000000,0.000000,0.000000,0.000000,0.000000,0.000000,0.000000,0.000000
55.310621,407.483262,169.860242,281.329400,65.906411,28.103957,0.000000,0.000000,0.000000,0.000000,0.000000,0.000000,0.000000,0.000000,0.000000,0.000000
55.511022,405.436194,163.885316,283.681339,67.972872,22.493333,0.000000,0.000000,0.000000,0.000000,0.000000,0.000000,0.000000,0.000000,0.000000,0.000000
55.711423,405.240007,163.499154,280.881787,67.603121,21.479528,0.000000,0.000000,0.000000,0.000000,0.000000,0.000000,0.000000,0.000000,0.000000,0.000000
55.911824,400.989104,162.792514,277.342705,66.338234,20.065502,0.000000,0.000000,0.000000,0.000000,0.000000,0.000000,0.000000,0.000000,0.000000,0.000000
56.112224,403.560259,167.802494,279.293644,68.197800,21.726337,0.000000,0.000000,0.000000,0.000000,0.000000,0.000000,0.000000,0.000000,0.000000,0.000000
56.312625,403.644248,168.367989,278.583286,60.765072,25.079380,0.000000,0.000000,0.000000,0.000000,0.000000,0.000000,0.000000,0.000000,0.000000,0.000000
56.513026,402.900505,165.162605,283.801860,67.910085,23.706185,0.000000,0.000000,0.000000,0.000000,0.000000,0.000000,0.000000,0.000000,0.000000,0.000000
56.713427,401.515795,162.294837,279.388326,62.899442,29.838187,0.000000,0.000000,0.000000,0.000000,0.000000,0.000000,0.000000,0.000000,0.000000,0.000000
56.913828,403.587324,169.548767,281.246529,63.515600,22.236500,0.000000,0.000000,0.000000,0.000000,0.000000,0.000000,0.000000,0.000000,0.000000,0.000000
57.114228,400.683063,164.188390,282.166363,61.982956,25.458670,0.000000,0.000000,0.000000,0.000000,0.000000,0.000000,0.000000,0.000000,0.000000,0.000000
57.314629,409.008513,166.564025,279.322046,59.446305,21.795131,0.000000,0.000000,0.000000,0.000000,0.000000,0.000000,0.000000,0.000000,0.000000,0.000000
57.515030,408.985105,163.128399,277.978059,59.649448,22.314772,0.000000,0.000000,0.000000,0.000000,0.000000,0.000000,0.000000,0.000000,0.000000,0.000000
57.715431,401.876191,167.182942,286.369117,66.342330,25.660806,0.000000,0.000000,0.000000,0.000000,0.000000,0.000000,0.000000,0.000000,0.000000,0.000000
57.915832,403.619071,168.120273,279.441799,58.446705,26.165781,0.000000,0.000000,0.000000,0.000000,0.000000,0.000000,0.000000,0.000000,0.000000,0.000000
58.116232,403.633216,168.266276,280.538789,60.780041,23.611843,0.000000,0.000000,0.000000,0.000000,0.000000,0.000000,0.000000,0.000000,0.000000,0.000000
58.316633,402.902532,165.650471,278.527848,68.083009,27.260379,0.000000,0.000000,0.000000,0.000000,0.000000,0.000000,0.000000,0.000000,0.000000,0.000000
58.517034,406.770696,163.946527,280.094633,64.680500,22.045335,0.000000,0.000000,0.000000,0.000000,0.000000,0.000000,0.000000,0.000000,0.000000,0.000000
58.717435,406.522377,172.491604,282.130585,62.801884,26.152353,0.000000,0.000000,0.000000,0.000000,0.000000,0.000000,0.000000,0.000000,0.000000,0.000000
58.917836,399.133697,170.347723,287.390479,66.011976,22.756253,0.000000,0.000000,0.000000,0.000000,0.000000,0.000000,0.000000,0.000000,0.000000,0.000000
59.118236,404.986115,167.011664,287.779469,60.164895,24.001540,0.000000,0.000000,0.000000,0.000000,0.000000,0.000000,0.000000,0.000000,0.000000,0.000000
59.318637,402.939652,170.029657,283.078546,58.562338,21.076917,0.000000,0.000000,0.000000,0.000000,0.000000,0.000000,0.000000,0.000000,0.000000,0.000000
59.519038,406.441911,169.756674,283.950745,64.247331,21.746890,0.000000,0.000000,0.000000,0.000000,0.000000,0.000000,0.000000,0.000000,0.000000,0.000000
59.719439,406.310239,166.397617,280.203991,66.387139,26.122918,0.000000,0.000000,0.000000,0.000000,0.000000,0.000000,0.000000,0.000000,0.000000,0.000000
59.919840,401.781985,170.882470,284.801547,66.669865,29.776114,0.000000,0.000000,0.000000,0.000000,0.000000,0.000000,0.000000,0.000000,0.000000,0.000000
60.120240,403.779965,165.326267,284.121831,65.953990,27.566654,0.000000,0.000000,0.000000,0.000000,0.000000,0.000000,0.000000,0.000000,0.000000,0.000000
60.320641,398.075985,175.100648,280.279820,66.351886,29.761022,0.000000,0.000000,0.000000,0.000000,0.000000,0.000000,0.000000,0.000000,0.000000,0.000000
60.521042,405.118085,174.226903,287.744239,62.042562,21.395552,0.000000,0.000000,0.000000,0.000000,0.000000,0.000000,0.000000,0.000000,0.000000,0.000000
60.721443,403.331767,167.424732,282.970686,65.564584,23.194534,0.000000,0.000000,0.000000,0.000000,0.000000,0.000000,0.000000,0.000000,0.000000,0.000000
60.921844,400.474187,173.069987,279.728691,67.251912,29.441002,0.000000,0.000000,0.000000,0.000000,0.000000,0.000000,0.000000,0.000000,0.000000,0.000000
61.122244,401.740260,175.307478,286.166227,67.795176,25.394106,0.000000,0.000000,0.000000,0.000000,0.000000,0.000000,0.000000,0.000000,0.000000,0.000000
61.322645,398.614443,168.359998,278.173477,58.704709,23.817689,0.000000,0.000000,0.000000,0.000000,0.000000,0.000000,0.000000,0.000000,0.000000,0.000000
61.523046,392.709657,170.037844,278.913101,59.590305,23.517756,0.000000,0.000000,0.000000,0.000000,0.000000,0.000000,0.000000,0.000000,0.000000,0.000000
61.723447,393.174101,171.976270,283.523768,66.259844,27.005781,0.000000,0.000000,0.000000,0.000000,0.000000,0.000000,0.000000,0.000000,0.000000,0.000000
61.923848,394.917389,177.549779,284.503732,60.706431,23.715546,0.000000,0.000000,0.000000,0.000000,0.000000,0.000000,0.000000,0.000000,0.000000,0.000000
62.124248,390.986655,177.116315,279.748297,66.273476,22.007815,0.000000,0.000000,0.000000,0.000000,0.000000,0.000000,0.000000,0.000000,0.000000,0.000000
62.324649,389.400594,172.694512,281.416868,60.381952,26.257896,0.000000,0.000000,0.000000,0.000000,0.000000,0.000000,0.000000,0.000000,0.000000,0.000000
62.525050,381.628607,176.257848,284.068456,58.289757,28.183786,0.000000,0.000000,0.000000,0.000000,0.000000,0.000000,0.000000,0.000000,0.000000,0.000000
62.725451,385.196831,171.044700,287.805683,59.460553,21.511061,0.000000,0.000000,0.000000,0.000000,0.000000,0.000000,0.000000,0.000000,0.000000,0.000000
62.925852,376.263492,177.911558,281.048696,63.803990,26.759697,0.000000,0.000000,0.000000,0.000000,0.000000,0.000000,0.000000,0.000000,0.000000,0.000000
63.126253,371.519901,177.204443,285.663370,62.347518,29.027277,0.000000,0.000000,0.000000,0.000000,0.000000,0.000000,0.000000,0.000000,0.000000,0.000000
63.326653,369.070755,178.766324,287.863096,60.574621,21.509998,0.000000,0.000000,0.000000,0.000000,0.000000,0.000000,0.000000,0.000000,0.000000,0.000000
63.527054,362.348172,180.104481,287.129590,66.605254,27.640238,0.000000,0.000000,0.000000,0.000000,0.000000,0.000000,0.000000,0.000000,0.000000,0.000000
63.727455,352.741000,180.917938,278.778294,65.779484,21.035871,0.000000,0.000000,0.000000,0.000000,0.000000,0.000000,0.000000,0.000000,0.000000,0.000000
63.927856,349.333161,179.662767,288.281488,61.034612,21.235048,0.000000,0.000000,0.000000,0.000000,0.000000,0.000000,0.000000,0.000000,0.000000,0.000000
64.128257,337.306087,182.359914,283.356834,59.744239,29.249938,0.000000,0.000000,0.000000,0.000000,0.000000,0.000000,0.000000,0.000000,0.000000,0.000000
64.328657,337.663002,182.255814,280.736311,59.471510,29.876784,0.000000,0.000000,0.000000,0.000000,0.000000,0.000000,0.000000,0.000000,0.000000,0.000000
64.529058,326.959227,181.447808,282.507775,62.910986,26.019172,0.000000,0.000000,0.000000,0.000000,0.000000,0.000000,0.000000,0.000000,0.000000,0.000000
64.729459,317.875390,181.232721,286.242110,65.774191,25.160876,0.000000,0.000000,0.000000,0.000000,0.000000,0.000000,0.000000,0.000000,0.000000,0.000000
64.929860,309.325369,174.192913,284.863166,61.224629,20.802084,0.000000,0.000000,0.000000,0.000000,0.000000,0.000000,0.000000,0.000000,0.000000,0.000000
65.130261,302.649768,178.787813,280.001379,59.024636,24.487129,0.000000,0.000000,0.000000,0.000000,0.000000,0.000000,0.000000,0.000000,0.000000,0.000000
65.330661,295.052783,182.680796,284.627406,63.675688,21.032989,0.000000,0.000000,0.000000,0.000000,0.000000,0.000000,0.000000,0.000000,0.000000,0.000000
65.531062,279.023830,176.782089,286.198799,66.257959,24.052379,0.000000,0.000000,0.000000,0.000000,0.000000,0.000000,0.000000,0.000000,0.000000,0.000000
65.731463,272.408605,180.557274,288.341853,65.632256,20.431552,0.000000,0.000000,0.000000,0.000000,0.000000,0.000000,0.000000,0.000000,0.000000,0.000000
65.931864,267.364009,179.768676,286.100287,62.717222,24.859857,0.000000,0.000000,0.000000,0.000000,0.000000,0.000000,0.000000,0.000000,0.000000,0.000000
66.132265,255.220254,180.097142,288.335075,61.578865,27.511123,0.000000,0.000000,0.000000,0.000000,0.000000,0.000000,0.000000,0.000000,0.000000,0.000000
66.332665,252.077299,182.190109,278.538698,64.712217,27.464226,0.000000,0.000000,0.000000,0.000000,0.000000,0.000000,0.000000,0.000000,0.000000,0.000000
66.533066,247.735080,186.240115,285.150080,62.770972,29.504284,0.000000,0.000000,0.000000,0.000000,0.000000,0.000000,0.000000,0.000000,0.000000,0.000000
66.733467,236.860407,184.416083,287.407927,67.628395,26.226635,0.000000,0.000000,0.000000,0.000000,0.000000,0.000000,0.000000,0.000000,0.000000,0.000000
66.933868,237.960585,184.798896,281.953513,58.856348,25.723060,0.000000,0.000000,0.000000,0.000000,0.000000,0.000000,0.000000,0.000000,0.000000,0.000000
67.134269,226.825898,185.107093,287.651239,64.398006,25.539400,0.000000,0.000000,0.000000,0.000000,0.000000,0.000000,0.000000,0.000000,0.000000,0.000000
67.334669,225.621204,185.461981,286.781695,67.546459,28.269934,0.000000,0.000000,0.000000,0.000000,0.000000,0.000000,0.000000,0.000000,0.000000,0.000000
67.535070,224.195905,182.405716,285.397829,62.706236,22.571668,0.000000,0.000000,0.000000,0.000000,0.000000,0.000000,0.000000,0.000000,0.000000,0.000000
67.735471,225.214408,182.896760,285.467832,59.032942,25.034738,0.000000,0.000000,0.000000,0.000000,0.000000,0.000000,0.000000,0.000000,0.000000,0.000000
67.935872,218.839046,184.464446,279.757791,63.344707,25.517410,0.000000,0.000000,0.000000,0.000000,0.000000,0.000000,0.000000,0.000000,0.000000,0.000000
68.136273,216.171049,185.730942,284.948158,67.795556,29.554129,0.000000,0.000000,0.000000,0.000000,0.000000,0.000000,0.000000,0.000000,0.000000,0.000000
68.336673,214.442618,180.895481,288.417073,61.891734,24.210686,0.000000,0.000000,0.000000,0.000000,0.000000,0.000000,0.000000,0.000000,0.000000,0.000000
68.537074,210.255022,183.226507,287.605646,67.725280,28.217132,0.000000,0.000000,0.000000,0.000000,0.000000,0.000000,0.000000,0.000000,0.000000,0.000000
68.737475,211.470291,186.891270,281.404147,62.524947,29.723760,0.000000,0.000000,0.000000,0.000000,0.000000,0.000000,0.000000,0.000000,0.000000,0.000000
68.937876,215.326366,182.664932,286.460739,65.861708,25.598239,0.000000,0.000000,0.000000,0.000000,0.000000,0.000000,0.000000,0.000000,0.000000,0.000000
69.138277,212.728580,187.713705,281.787602,61.694844,20.457568,0.000000,0.000000,0.000000,0.000000,0.000000,0.000000,0.000000,0.000000,0.000000,0.000000
69.338677,206.301199,187.892271,278.814739,63.890444,20.951667,0.000000,0.000000,0.000000,0.000000,0.000000,0.000000,0.000000,0.000000,0.000000,0.000000
69.539078,210.390153,186.965682,285.475687,66.940210,20.943768,0.000000,0.000000,0.000000,0.000000,0.000000,0.000000,0.000000,0.000000,0.000000,0.000000
69.739479,204.695723,188.508854,281.986540,61.777034,26.613300,0.000000,0.000000,0.000000,0.000000,0.000000,0.000000,0.000000,0.000000,0.000000,0.000000
69.939880,208.792740,183.185991,285.672173,63.016040,20.996771,0.000000,0.000000,0.000000,0.000000,0.000000,0.000000,0.000000,0.000000,0.000000,0.000000
70.140281,203.581800,181.725712,284.418121,66.115876,23.665268,0.000000,0.000000,0.000000,0.000000,0.000000,0.000000,0.000000,0.000000,0.000000,0.000000
70.340681,202.055957,182.224280,287.819306,63.718924,26.617516,0.000000,0.000000,0.000000,0.000000,0.000000,0.000000,0.000000,0.000000,0.000000,0.000000
70.541082,201.865671,188.702938,280.881575,60.781723,24.395341,0.000000,0.000000,0.000000,0.000000,0.000000,0.000000,0.000000,0.000000,0.000000,0.000000
70.741483,208.213349,182.751190,286.015035,59.866618,29.312191,0.000000,0.000000,0.000000,0.000000,0.000000,0.000000,0.000000,0.000000,0.000000,0.000000
70.941884,208.849040,186.586906,286.966137,58.181751,27.097533,0.000000,0.000000,0.000000,0.000000,0.000000,0.000000,0.000000,0.000000,0.000000,0.000000
71.142285,202.902921,180.242896,286.841113,61.977600,25.693523,0.000000,0.000000,0.000000,0.000000,0.000000,0.000000,0.000000,0.000000,0.000000,0.000000
71.342685,209.188424,180.864907,288.480080,60.706066,27.986700,0.000000,0.000000,0.000000,0.000000,0.000000,0.000000,0.000000,0.000000,0.000000,0.000000
71.543086,207.678459,180.756996,283.587032,62.620584,20.645684,0.000000,0.000000,0.000000,0.000000,0.000000,0.000000,0.000000,0.000000,0.000000,0.000000
71.743487,209.568060,180.721921,287.274268,62.183293,27.901276,0.000000,0.000000,0.000000,0.000000,0.000000,0.000000,0.000000,0.000000,0.000000,0.000000
71.943888,208.100318,181.217850,287.660956,63.501505,27.588458,0.000000,0.000000,0.000000,0.000000,0.000000,0.000000,0.000000,0.000000,0.000000,0.000000
72.144289,207.090467,188.984041,286.401071,59.032682,24.745137,0.000000,0.000000,0.000000,0.000000,0.000000,0.000000,0.000000,0.000000,0.000000,0.000000
72.344689,206.362710,184.842389,286.072732,64.675508,25.084387,0.000000,0.000000,0.000000,0.000000,0.000000,0.000000,0.000000,0.000000,0.000000,0.000000
72.545090,203.395556,185.271732,279.407230,61.379545,20.011215,0.000000,0.000000,0.000000,0.000000,0.000000,0.000000,0.000000,0.000000,0.000000,0.000000
72.745491,200.611188,186.782578,282.382504,58.121306,28.668840,0.000000,0.000000,0.000000,0.000000,0.000000,0.000000,0.000000,0.000000,0.000000,0.000000
72.945892,203.415674,187.390527,285.630035,61.807689,27.973008,0.000000,0.000000,0.000000,0.000000,0.000000,0.000000,0.000000,0.000000,0.000000,0.000000
73.146293,205.870667,183.865606,284.037978,68.074332,29.644383,0.000000,0.000000,0.000000,0.000000,0.000000,0.000000,0.000000,0.000000,0.000000,0.000000
73.346693,208.777270,186.051290,281.554081,63.235132,25.923165,0.000000,0.000000,0.000000,0.000000,0.000000,0.000000,0.000000,0.000000,0.000000,0.000000
73.547094,201.087006,182.982008,279.583943,67.940859,27.145291,0.000000,0.000000,0.000000,0.000000,0.000000,0.000000,0.000000,0.000000,0.000000,0.000000
73.747495,208.113447,186.608820,281.589545,67.355538,28.626240,0.000000,0.000000,0.000000,0.000000,0.000000,0.000000,0.000000,0.000000,0.000000,0.000000
73.947896,207.982931,181.219135,286.536494,58.499243,28.447085,0.000000,0.000000,0.000000,0.000000,0.000000,0.000000,0.000000,0.000000,0.000000,0.000000
74.148297,200.693950,184.512151,280.010724,59.234137,21.154945,0.000000,0.000000,0.000000,0.000000,0.000000,0.000000,0.000000,0.000000,0.000000,0.000000
74.348697,203.048136,184.444215,278.728943,58.522979,25.382526,0.000000,0.000000,0.000000,0.000000,0.000000,0.000000,0.000000,0.000000,0.000000,0.000000
74.549098,199.708686,185.922310,278.743129,64.519917,24.274287,0.000000,0.000000,0.000000,0.000000,0.000000,0.000000,0.000000,0.000000,0.000000,0.000000
74.749499,199.093414,185.703278,283.516889,64.944641,23.166145,0.000000,0.000000,0.000000,0.000000,0.000000,0.000000,0.000000,0.000000,0.000000,0.000000
74.949900,206.942017,178.619335,283.057292,66.756244,20.333775,0.000000,0.000000,0.000000,0.000000,0.000000,0.000000,0.000000,0.000000,0.000000,0.000000
75.150301,197.713284,181.316239,281.363810,61.381450,28.199489,0.000000,0.000000,0.000000,0.000000,0.000000,0.000000,0.000000,0.000000,0.000000,0.000000
75.350701,201.838923,179.448749,280.298179,62.493765,25.669748,0.000000,0.000000,0.000000,0.000000,0.000000,0.000000,0.000000,0.000000,0.000000,0.000000
75.551102,205.765767,176.664918,279.363714,61.113343,23.263144,0.000000,0.000000,0.000000,0.000000,0.000000,0.000000,0.000000,0.000000,0.000000,0.000000
75.751503,203.945987,181.541223,286.635618,58.832681,25.428615,0.000000,0.000000,0.000000,0.000000,0.000000,0.000000,0.000000,0.000000,0.000000,0.000000
75.951904,202.078560,176.478667,282.088301,63.238727,20.368751,0.000000,0.000000,0.000000,0.000000,0.000000,0.000000,0.000000,0.000000,0.000000,0.000000
76.152305,202.600071,180.554772,284.838275,67.818324,22.340402,0.000000,0.000000,0.000000,0.000000,0.000000,0.000000,0.000000,0.000000,0.000000,0.000000
76.352705,193.053731,176.943690,280.602908,62.696492,29.230348,0.000000,0.000000,0.000000,0.000000,0.000000,0.000000,0.000000,0.000000,0.000000,0.000000
76.553106,191.107741,181.769568,282.326029,64.188443,28.301199,0.000000,0.000000,0.000000,0.000000,0.000000,0.000000,0.000000,0.000000,0.000000,0.000000
76.753507,190.063519,180.504398,284.002216,66.668583,25.312910,0.000000,0.000000,0.000000,0.000000,0.000000,0.000000,0.000000,0.000000,0.000000,0.000000
76.953908,193.044779,173.994825,278.779299,66.288249,29.159812,0.000000,0.000000,0.000000,0.000000,0.000000,0.000000,0.000000,0.000000,0.000000,0.000000
77.154309,193.435677,174.081202,283.518564,60.436021,23.659406,0.000000,0.000000,0.000000,0.000000,0.000000,0.000000,0.000000,0.000000,0.000000,0.000000
77.354709,182.882840,180.550720,282.007477,63.032739,25.584146,0.000000,0.000000,0.000000,0.000000,0.000000,0.000000,0.000000,0.000000,0.000000,0.000000
77.555110,185.450600,177.153568,282.356625,61.796204,28.943479,0.000000,0.000000,0.000000,0.000000,0.000000,0.000000,0.000000,0.000000,0.000000,0.000000
77.755511,182.383017,175.652558,280.010342,64.325880,26.199047,0.000000,0.000000,0.000000,0.000000,0.000000,0.000000,0.000000,0.000000,0.000000,0.000000
77.955912,172.353338,175.622361,280.786939,58.860545,27.812039,0.000000,0.000000,0.000000,0.000000,0.000000,0.000000,0.000000,0.000000,0.000000,0.000000
78.156313,170.840561,177.801387,286.947908,64.672600,24.798994,0.000000,0.000000,0.000000,0.000000,0.000000,0.000000,0.000000,0.000000,0.000000,0.000000
78.356713,168.254988,171.137549,287.683504,66.999534,25.718787,0.000000,0.000000,0.000000,0.000000,0.000000,0.000000,0.000000,0.000000,0.000000,0.000000
78.557114,160.680795,178.063085,280.120682,66.575417,27.277878,0.000000,0.000000,0.000000,0.000000,0.000000,0.000000,0.000000,0.000000,0.000000,0.000000
78.757515,158.071944,174.066216,286.824450,59.830527,28.644691,0.000000,0.000000,0.000000,0.000000,0.000000,0.000000,0.000000,0.000000,0.000000,0.000000
78.957916,146.311030,172.961139,279.186498,62.727013,25.522395,0.000000,0.000000,0.000000,0.000000,0.000000,0.000000,0.000000,0.000000,0.000000,0.000000
79.158317,144.031605,174.121269,281.289965,63.959426,28.183759,0.000000,0.000000,0.000000,0.000000,0.000000,0.000000,0.000000,0.000000,0.000000,0.000000
79.358717,128.695909,174.823380,283.101240,63.992241,27.277663,0.000000,0.000000,0.000000,0.000000,0.000000,0.000000,0.000000,0.000000,0.000000,0.000000
79.559118,125.384005,169.658149,281.998208,62.649400,28.598143,0.000000,0.000000,0.000000,0.000000,0.000000,0.000000,0.000000,0.000000,0.000000,0.000000
79.759519,119.206917,177.365104,283.555673,65.338285,22.401364,0.000000,0.000000,0.000000,0.000000,0.000000,0.000000,0.000000,0.000000,0.000000,0.000000
79.959920,107.488955,168.511074,282.093825,60.352230,25.318798,0.000000,0.000000,0.000000,0.000000,0.000000,0.000000,0.000000,0.000000,0.000000,0.000000
80.160321,98.834464,167.559096,286.327936,63.565398,22.947097,0.000000,0.000000,0.000000,0.000000,0.000000,0.000000,0.000000,0.000000,0.000000,0.000000
80.360721,90.268972,172.299010,282.258482,64.839955,24.014619,0.000000,0.000000,0.000000,0.000000,0.000000,0.000000,0.000000,0.000000,0.000000,0.000000
80.561122,76.889722,172.550831,282.288793,65.068940,22.975099,0.000000,0.000000,0.000000,0.000000,0.000000,0.000000,0.000000,0.000000,0.000000,0.000000
80.761523,70.800771,173.871981,278.896081,64.596007,20.368341,0.000000,0.000000,0.000000,0.000000,0.000000,0.000000,0.000000,0.000000,0.000000,0.000000
80.961924,64.598550,169.520771,278.966720,65.791890,22.584467,0.000000,0.000000,0.000000,0.000000,0.000000,0.000000,0.000000,0.000000,0.000000,0.000000
81.162325,53.963226,170.050575,287.447834,65.940728,29.356589,0.000000,0.000000,0.000000,0.000000,0.000000,0.000000,0.000000,0.000000,0.000000,0.000000
81.362725,51.522985,168.935441,284.445321,68.723482,29.414486,0.000000,0.000000,0.000000,0.000000,0.000000,0.000000,0.000000,0.000000,0.000000,0.000000
81.563126,43.752813,172.934076,279.279970,59.010091,22.154508,0.000000,0.000000,0.000000,0.000000,0.000000,0.000000,0.000000,0.000000,0.000000,0.000000
81.763527,38.761105,170.737170,279.529068,65.268167,22.904998,0.000000,0.000000,0.000000,0.000000,0.000000,0.000000,0.000000,0.000000,0.000000,0.000000
81.963928,39.072082,168.734728,280.346109,60.676249,29.526714,0.000000,0.000000,0.000000,0.000000,0.000000,0.000000,0.000000,0.000000,0.000000,0.000000
82.164329,26.876972,164.842231,279.132435,67.947703,20.660327,0.000000,0.000000,0.000000,0.000000,0.000000,0.000000,0.000000,0.000000,0.000000,0.000000
82.364729,25.725422,168.654713,279.256237,64.801391,29.303923,0.000000,0.000000,0.000000,0.000000,0.000000,0.000000,0.000000,0.000000,0.000000,0.000000
82.565130,26.432555,166.640492,281.658586,65.028761,29.542795,0.000000,0.000000,0.000000,0.000000,0.000000,0.000000,0.000000,0.000000,0.000000,0.000000
82.765531,25.086550,166.689623,279.778548,64.917671,26.463679,0.000000,0.000000,0.000000,0.000000,0.000000,0.000000,0.000000,0.000000,0.000000,0.000000
82.965932,21.343721,166.491929,284.421880,65.713344,23.315827,0.000000,0.000000,0.000000,0.000000,0.000000,0.000000,0.000000,0.000000,0.000000,0.000000
83.166333,13.931011,162.172694,287.685164,65.288780,25.680124,0.000000,0.000000,0.000000,0.000000,0.000000,0.000000,0.000000,0.000000,0.000000,0.000000
83.366733,11.293817,168.648073,278.985894,66.886453,24.290102,0.000000,0.000000,0.000000,0.000000,0.000000,0.000000,0.000000,0.000000,0.000000,0.000000
83.567134,14.902746,169.367248,282.169906,65.358403,29.066031,0.000000,0.000000,0.000000,0.000000,0.000000,0.000000,0.000000,0.000000,0.000000,0.000000
83.767535,11.503041,168.801166,282.033939,62.896413,26.100635,0.000000,0.000000,0.000000,0.000000,0.000000,0.000000,0.000000,0.000000,0.000000,0.000000
83.967936,7.006410,165.937233,286.818039,59.543204,29.190553,0.000000,0.000000,0.000000,0.000000,0.000000,0.000000,0.000000,0.000000,0.000000,0.000000
84.168337,9.946016,166.264131,279.046372,65.770562,28.049516,0.000000,0.000000,0.000000,0.000000,0.000000,0.000000,0.000000,0.000000,0.000000,0.000000
84.368737,11.143256,167.371802,287.268777,62.936442,28.950962,0.000000,0.000000,0.000000,0.000000,0.000000,0.000000,0.000000,0.000000,0.000000,0.000000
84.569138,11.183528,168.258447,286.457429,67.467776,29.174449,0.000000,0.000000,0.000000,0.000000,0.000000,0.000000,0.000000,0.000000,0.000000,0.000000
84.769539,12.799949,167.716831,283.020777,64.702335,22.721922,0.000000,0.000000,0.000000,0.000000,0.000000,0.000000,0.000000,0.000000,0.000000,0.000000
84.969940,11.259412,163.699028,278.076169,68.976574,20.547584,0.000000,0.000000,0.000000,0.000000,0.000000,0.000000,0.000000,0.000000,0.000000,0.000000
85.170341,7.267209,161.626363,286.324879,67.002005,29.540330,0.000000,0.000000,0.000000,0.000000,0.000000,0.000000,0.000000,0.000000,0.000000,0.000000
85.370741,4.748189,161.542628,282.170999,60.830929,29.625107,0.000000,0.000000,0.000000,0.000000,0.000000,0.000000,0.000000,0.000000,0.000000,0.000000
85.571142,1.832522,166.736323,278.411376,61.260447,27.728251,0.000000,0.000000,0.000000,0.000000,0.000000,0.000000,0.000000,0.000000,0.000000,0.000000
85.771543,10.261499,168.975559,281.450533,67.790975,25.145739,0.000000,0.000000,0.000000,0.000000,0.000000,0.000000,0.000000,0.000000,0.000000,0.000000
85.971944,9.341270,169.993413,282.559867,63.859934,22.521012,0.000000,0.000000,0.000000,0.000000,0.000000,0.000000,0.000000,0.000000,0.000000,0.000000
86.172345,8.416029,167.753637,286.949911,66.398765,23.657931,0.000000,0.000000,0.000000,0.000000,0.000000,0.000000,0.000000,0.000000,0.000000,0.000000
86.372745,3.164626,160.665105,285.067073,63.976396,20.092301,0.000000,0.000000,0.000000,0.000000,0.000000,0.000000,0.000000,0.000000,0.000000,0.000000
86.573146,4.499490,164.521279,280.345514,69.090622,24.299421,0.000000,0.000000,0.000000,0.000000,0.000000,0.000000,0.000000,0.000000,0.000000,0.000000
86.773547,2.555879,162.234336,286.925621,61.970815,27.824075,0.000000,0.000000,0.000000,0.000000,0.000000,0.000000,0.000000,0.000000,0.000000,0.000000
86.973948,8.601061,160.722521,278.078559,67.499779,20.333230,0.000000,0.000000,0.000000,0.000000,0.000000,0.000000,0.000000,0.000000,0.000000,0.000000
87.174349,3.293428,161.836047,279.186689,63.808095,23.807222,0.000000,0.000000,0.000000,0.000000,0.000000,0.000000,0.000000,0.000000,0.000000,0.000000
87.374749,6.934638,166.553224,287.392135,60.036916,24.103756,0.000000,0.000000,0.000000,0.000000,0.000000,0.000000,0.000000,0.000000,0.000000,0.000000
87.575150,2.484025,165.572509,285.553614,67.058196,27.140860,0.000000,0.000000,0.000000,0.000000,0.000000,0.000000,0.000000,0.000000,0.000000,0.000000
87.775551,9.410548,168.803153,286.764243,67.845864,23.142799,0.000000,0.000000,0.000000,0.000000,0.000000,0.000000,0.000000,0.000000,0.000000,0.000000
87.975952,7.525342,161.362025,280.512797,65.068198,23.111894,0.000000,0.000000,0.000000,0.000000,0.000000,0.000000,0.000000,0.000000,0.000000,0.000000
88.176353,0.516956,163.276567,278.696823,61.400614,24.104266,0.000000,0.000000,0.000000,0.000000,0.000000,0.000000,0.000000,0.000000,0.000000,0.000000
88.376754,0.314523,160.991202,284.008147,62.553741,29.834932,0.000000,0.000000,0.000000,0.000000,0.000000,0.000000,0.000000,0.000000,0.000000,0.000000
88.577154,0.509647,161.509865,281.533018,61.561029,25.326913,0.000000,0.000000,0.000000,0.000000,0.000000,0.000000,0.000000,0.000000,0.000000,0.000000
88.777555,4.878383,168.605029,283.690573,69.077659,29.443150,0.000000,0.000000,0.000000,0.000000,0.000000,0.000000,0.000000,0.000000,0.000000,0.000000
88.977956,3.869775,169.286540,278.435960,69.288259,28.085112,0.000000,0.000000,0.000000,0.000000,0.000000,0.000000,0.000000,0.000000,0.000000,0.000000
89.178357,0.767750,169.936037,277.568703,65.087744,26.832612,0.000000,0.000000,0.000000,0.000000,0.000000,0.000000,0.000000,0.000000,0.000000,0.000000
89.378758,9.516561,171.092702,278.169197,69.366258,21.623488,0.000000,0.000000,0.000000,0.000000,0.000000,0.000000,0.000000,0.000000,0.000000,0.000000
89.579158,8.333728,169.099332,284.172713,68.369187,24.637371,0.000000,0.000000,0.000000,0.000000,0.000000,0.000000,0.000000,0.000000,0.000000,0.000000
89.779559,7.147232,171.826988,280.324140,61.184617,29.102360,0.000000,0.000000,0.000000,0.000000,0.000000,0.000000,0.000000,0.000000,0.000000,0.000000
89.979960,6.562115,167.744394,283.404179,63.683869,20.897549,0.000000,0.000000,0.000000,0.000000,0.000000,0.000000,0.000000,0.000000,0.000000,0.000000
90.180361,9.327204,165.466675,282.060521,65.509987,22.991420,0.000000,0.000000,0.000000,0.000000,0.000000,0.000000,0.000000,0.000000,0.000000,0.000000
90.380762,3.275286,166.766796,286.098359,64.702386,29.675844,0.000000,0.000000,0.000000,0.000000,0.000000,0.000000,0.000000,0.000000,0.000000,0.000000
90.581162,10.007632,167.537759,280.799267,65.054227,29.951772,0.000000,0.000000,0.000000,0.000000,0.000000,0.000000,0.000000,0.000000,0.000000,0.000000
90.781563,7.676624,173.394808,284.110773,65.293758,28.437840,0.000000,0.000000,0.000000,0.000000,0.000000,0.000000,0.000000,0.000000,0.000000,0.000000
90.981964,0.398594,172.596231,284.545029,69.250990,20.583558,0.000000,0.000000,0.000000,0.000000,0.000000,0.000000,0.000000,0.000000,0.000000,0.000000
91.182365,7.257820,167.478060,279.468804,63.872986,25.370347,0.000000,0.000000,0.000000,0.000000,0.000000,0.000000,0.000000,0.000000,0.000000,0.000000
91.382766,5.645135,166.506309,281.407381,63.426065,29.002562,0.000000,0.000000,0.000000,0.000000,0.000000,0.000000,0.000000,0.000000,0.000000,0.000000
91.583166,6.507022,170.720188,277.555479,66.278027,26.617577,0.000000,0.000000,0.000000,0.000000,0.000000,0.000000,0.000000,0.000000,0.000000,0.000000
91.783567,0.407343,173.282536,285.601589,62.778486,20.268542,0.000000,0.000000,0.000000,0.000000,0.000000,0.000000,0.000000,0.000000,0.000000,0.000000
91.983968,4.233020,169.307263,285.964622,65.456145,23.832975,0.000000,0.000000,0.000000,0.000000,0.000000,0.000000,0.000000,0.000000,0.000000,0.000000
92.184369,9.452301,175.967527,276.961952,69.102204,22.038717,0.000000,0.000000,0.000000,0.000000,0.000000,0.000000,0.000000,0.000000,0.000000,0.000000
92.384770,8.623769,174.439596,282.800541,65.907359,20.881888,0.000000,0.000000,0.000000,0.000000,0.000000,0.000000,0.000000,0.000000,0.000000,0.000000
92.585170,0.854783,167.227137,286.732021,70.167238,28.190924,0.000000,0.000000,0.000000,0.000000,0.000000,0.000000,0.000000,0.000000,0.000000,0.000000
92.785571,8.651516,172.218802,277.254441,62.091967,27.059664,0.000000,0.000000,0.000000,0.000000,0.000000,0.000000,0.000000,0.000000,0.000000,0.000000
92.985972,8.809694,168.537541,283.364388,63.304660,21.555577,0.000000,0.000000,0.000000,0.000000,0.000000,0.000000,0.000000,0.000000,0.000000,0.000000
93.186373,2.815109,173.576369,277.231559,69.353582,27.084456,0.000000,0.000000,0.000000,0.000000,0.000000,0.000000,0.000000,0.000000,0.000000,0.000000
93.386774,1.993851,177.356796,278.764644,66.050049,20.556685,0.000000,0.000000,0.000000,0.000000,0.000000,0.000000,0.000000,0.000000,0.000000,0.000000
93.587174,6.940193,174.345593,279.611748,70.497941,28.815379,0.000000,0.000000,0.000000,0.000000,0.000000,0.000000,0.000000,0.000000,0.000000,0.000000
93.787575,2.344916,171.660079,285.523570,64.236974,20.158148,0.000000,0.000000,0.000000,0.000000,0.000000,0.000000,0.000000,0.000000,0.000000,0.000000
93.987976,5.648739,170.365876,277.233139,66.575025,22.952779,0.000000,0.000000,0.000000,0.000000,0.000000,0.000000,0.000000,0.000000,0.000000,0.000000
94.188377,7.832285,172.403678,282.600948,66.521487,22.182850,0.000000,0.000000,0.000000,0.000000,0.000000,0.000000,0.000000,0.000000,0.000000,0.000000
94.388778,3.314156,175.592384,277.548398,62.100817,26.568000,0.000000,0.000000,0.000000,0.000000,0.000000,0.000000,0.000000,0.000000,0.000000,0.000000
94.589178,9.610682,179.433344,279.392683,65.680670,20.190045,0.000000,0.000000,0.000000,0.000000,0.000000,0.000000,0.000000,0.000000,0.000000,0.000000
94.789579,7.283730,172.571595,284.591757,70.132540,27.396935,0.000000,0.000000,0.000000,0.000000,0.000000,0.000000,0.000000,0.000000,0.000000,0.000000
94.989980,4.035400,176.340274,286.258315,70.723802,20.984477,0.000000,0.000000,0.000000,0.000000,0.000000,0.000000,0.000000,0.000000,0.000000,0.000000
95.190381,9.396670,174.818508,276.358657,67.169349,26.502816,0.000000,0.000000,0.000000,0.000000,0.000000,0.000000,0.000000,0.000000,0.000000,0.000000
95.390782,5.231886,174.538826,281.246597,66.524396,25.427585,0.000000,0.000000,0.000000,0.000000,0.000000,0.000000,0.000000,0.000000,0.000000,0.000000
95.591182,1.503725,181.768331,283.249738,64.875331,20.217389,0.000000,0.000000,0.000000,0.000000,0.000000,0.000000,0.000000,0.000000,0.000000,0.000000
95.791583,6.690310,173.889369,284.212775,70.080083,20.654304,0.000000,0.000000,0.000000,0.000000,0.000000,0.000000,0.000000,0.000000,0.000000,0.000000
95.991984,8.258771,175.134211,277.696824,70.868144,23.364609,0.000000,0.000000,0.000000,0.000000,0.000000,0.000000,0.000000,0.000000,0.000000,0.000000
96.192385,7.884374,175.055541,282.823764,65.757854,28.785026,0.000000,0.000000,0.000000,0.000000,0.000000,0.000000,0.000000,0.000000,0.000000,0.000000
96.392786,9.330024,180.394279,282.990842,66.824218,25.020344,0.000000,0.000000,0.000000,0.000000,0.000000,0.000000,0.000000,0.000000,0.000000,0.000000
96.593186,9.919009,181.012217,282.811259,68.107587,27.067236,0.000000,0.000000,0.000000,0.000000,0.000000,0.000000,0.000000,0.000000,0.000000,0.000000
96.793587,1.735699,181.940085,280.118455,69.320437,27.436606,0.000000,0.000000,0.000000,0.000000,0.000000,0.000000,0.000000,0.000000,0.000000,0.000000
96.993988,0.482651,184.370992,280.845587,69.957185,23.219144,0.000000,0.000000,0.000000,0.000000,0.000000,0.000000,0.000000,0.000000,0.000000,0.000000
97.194389,4.742088,176.342057,282.849029,62.005540,27.882971,0.000000,0.000000,0.000000,0.000000,0.000000,0.000000,0.000000,0.000000,0.000000,0.000000
97.394790,4.519904,184.093631,280.204420,62.036271,27.911132,0.000000,0.000000,0.000000,0.000000,0.000000,0.000000,0.000000,0.000000,0.000000,0.000000
97.595190,8.673320,178.684287,283.521430,70.425609,25.971932,0.000000,0.000000,0.000000,0.000000,0.000000,0.000000,0.000000,0.000000,0.000000,0.000000
97.795591,1.558155,183.700324,280.122995,64.627874,26.348083,0.000000,0.000000,0.000000,0.000000,0.000000,0.000000,0.000000,0.000000,0.000000,0.000000
97.995992,3.248968,183.773411,278.432207,68.905147,25.452612,0.000000,0.000000,0.000000,0.000000,0.000000,0.000000,0.000000,0.000000,0.000000,0.000000
98.196393,5.101200,180.212459,278.085619,66.174528,25.298002,0.000000,0.000000,0.000000,0.000000,0.000000,0.000000,0.000000,0.000000,0.000000,0.000000
98.396794,6.954437,182.631796,276.627590,68.732649,27.660950,0.000000,0.000000,0.000000,0.000000,0.000000,0.000000,0.000000,0.000000,0.000000,0.000000
98.597194,6.435022,182.845146,282.445592,65.497587,29.713706,0.000000,0.000000,0.000000,0.000000,0.000000,0.000000,0.000000,0.000000,0.000000,0.000000
98.797595,8.318976,181.921164,277.795138,67.010867,22.246334,0.000000,0.000000,0.000000,0.000000,0.000000,0.000000,0.000000,0.000000,0.000000,0.000000
98.997996,0.883492,178.737302,281.754533,69.005130,20.126201,0.000000,0.000000,0.000000,0.000000,0.000000,0.000000,0.000000,0.000000,0.000000,0.000000
99.198397,5.181849,181.504240,276.531372,66.462497,29.745561,0.000000,0.000000,0.000000,0.000000,0.000000,0.000000,0.000000,0.000000,0.000000,0.000000
99.398798,8.960069,184.954652,283.785325,70.524865,23.721604,0.000000,0.000000,0.000000,0.000000,0.000000,0.000000,0.000000,0.000000,0.000000,0.000000
99.599198,5.985474,181.121975,279.236852,63.677834,27.531818,0.000000,0.000000,0.000000,0.000000,0.000000,0.000000,0.000000,0.000000,0.000000,0.000000
99.799599,8.933035,185.413326,282.304906,69.218769,21.493643,0.000000,0.000000,0.000000,0.000000,0.000000,0.000000,0.000000,0.000000,0.000000,0.000000
100.000000,9.352424,188.951227,280.568806,70.130824,29.523658,0.000000,0.000000,0.000000,0.000000,0.000000,0.000000,0.000000,0.000000,0.000000,0.000000
